{
    "os": "Windows-10-10.0.22631-SP0",
    "python": "3.8.19",
    "heartbeatAt": "2024-10-31T03:43:42.280659",
    "startedAt": "2024-10-31T03:43:36.857442",
    "docker": null,
    "gpu": "NVIDIA GeForce RTX 4090",
    "gpu_count": 1,
    "cpu_count": 32,
    "cuda": null,
    "args": [],
    "state": "running",
    "program": "O:\\zuowen\\HR-FPN-main\\train.py",
    "codePath": "train.py",
    "host": "DESKTOP-OI7FP1L",
    "username": "zuowen123",
    "executable": "D:\\anaconda\\envs\\zuowen\\python.exe"
}
